Surname,Firstname,GUID
Alvarado,Ebony,1234636
Bao,Xianghong,1234613
Beltran,Nettie,1234659
Biao,Yuying,1234576
Blankenship,Glenna,1234665
Booth,Meghan,1234648
Boyer,Norris,1234643
Boyle,Charlene,1234644
Branch,Cleveland,1234642
Burns,Elliot,1234664
Cannon,Milagros,1234620
Charles,Joanne,1234640
Chin,Xiaoyun,1234604
Chow,Yaling,1234602
Chueng,Chunlin,1234577
Conley,Diann,1234641
Contreras,Tasha,1234647
Cui,Lingling,1234589
Cummings,Elnora,1234651
De,Huizhen,1234586
Dennis,Dina,1234645
Dickerson,Adam,1234624
Ding,Guisheng,1234610
Duo,Xiuling,1234591
Dyer,Jami,1234617
E,Donghua,1234588
Feng,Jingli,1234599
Fuentes,Octavio,1234629
Gray,Bennett,1234627
Gross,Brooks,1234628
Hawkins,Ladonna,1234658
Henson,Micheal,1234634
Hill,Jayson,1234653
Hines,Anton,1234637
Hou,Xiaoshan,1234581
Hsieh,Ran,1234567
Huajing,Guorong,1234569
Hull,Harris,1234661
Huo,Rongsheng,1234570
Hwang,Haiyun,1234616
Jing,Chunxiang,1234568
Joe,Hui,1234571
Johnson,Shuyi,1234585
Johnston,Joanne,1234667
Johnston,Marisol,1234660
Ju,Yongxin,1234600
Kaiser,Herbert,1234650
Kang,Qiaoling,1234615
King,Zhihui,1234609
Knapp,Margarita,1234666
Lester,Nicholas,1234639
Li,Victor,1234649
Lo,Tong,1234579
Luan,Jinxing,1234614
Mckinney,Major,1234625
Mclean,Julie,1234652
Mejia,Alfred,1234654
Meyer,John,1234646
Mok,Chan,1234575
Moon,Jackie,1234638
Moss,Tyler,1234663
Mou,Jinling,1234603
Orr,Arthur,1234632
Pao,Shuwen,1234572
Peck,Jude,1234622
Pugh,Laverne,1234655
Rojas,Bradford,1234635
Romero,Erna,1234657
Sa,Guozhen,1234606
Salinas,Edwin,1234630
Sao,Weiwen,1234611
Shao,Wenxin,1234601
Shu,Liting,1234608
Shu,Weiwen,1234668
Sima,Yanjie,1234587
Siu,Shaohong,1234607
Stanton,Ernie,1234621
Stevens,Delores,1234662
Ta,Zhibin,1234580
Tam,Yumin,1234573
Taylor,Mingming,1234592
Teng,Yongming,1234612
Thomas,Jianrong,1234593
Tucker,Pat,1234633
Underwood,Ollie,1234631
Valdez,Gary,1234626
Vance,Carla,1234656
Walter,Donnie,1234618
Wilcox,Rudolph,1234623
Wolfe,Jacqueline,1234619
Woo,Xiuying,1234583
Xi,Shaoying,1234596
Xian,Zhisheng,1234594
Xun,Yongcheng,1234605
Yan,Shuchun,1234597
You,Zhifang,1234595
Zan,Junjie,1234590
Zang,Yin,1234582
Zao,Weijia,1234578
Zhan,Daming,1234598
